experiment	author	issue_number
 amip-noirr	@YiYao1995	62
 amip-irr	@YiYao1995	61
 esm-up2p0-gwl1p5	@antworteffekt	33
 esm-up2p0-gwl3p0	@antworteffekt	34
 esm-up2p0-gwl5p0	@antworteffekt	35
 esm-s7h-nofirechange	@lifang0209	11
 esm-up2p0-gwl4p0-50y-dn2p0-gwl2p0	@antworteffekt	32
 esm-up2p0-gwl4p0	@antworteffekt	29
 esm-up2p0-gwl4p0-50y-dn2p0	@antworteffekt	31
 esm-up2p0-gwl2p0-50y-dn2p0	@antworteffekt	30
hist-noirr	@YiYao1995	49
 esm-up2p0-gwl2p0	@antworteffekt	28
 land-hist	@dlawrenncar	170
 piClim-aer	@duncanwp	91
 hist-piAer	@duncanwp	109
 esm-up2p0	@antworteffekt	27
 highresSST-p4kuni	@jjqq	81
 scen7-hc-Aer	@duncanwp	177
 scen7-hc-AQ	@duncanwp	176
 scen7-vlhoc-AQ	@duncanwp	175
 scen7-vlhoc-Aer	@duncanwp	174
 1pctCO2-rad	@ChrisJones-MOHC	19
 esm-flat10-cdr	@ChrisJones-MOHC	22
 esm-scen7-vlho-Aer	@duncanwp	112
 esm-scen7-h-AQ	@duncanwp	111
 esm-scen7-vlho-AQ	@duncanwp	113
 esm-scen7-h-Aer	@duncanwp	110
 hist-piAQ	@duncanwp	108
 piClim-p4K	@duncanwp	107
 piClim-AQ	@duncanwp	90
